baseline,ssr,rms,mae
Calib,43785.971413299296,42.71317683753033,31.08541085833332
existing-cbsa-2014,1893677.4153479908,280.89717983543306,248.72531322499995
