baseline,ssr,rms,mae
Calib,955347.6946331485,199.51479630104592,159.6814235541666
default,13389433.720430398,746.9224000420659,635.6727610541668
