baseline,ssr,rms,mae
Calib,12884.727982587305,23.170318641338053,17.825720037916664
existing-cbsa-2014,103813.37173730525,65.76896802992314,61.23784966291668
