baseline,ssr,rms,mae
calib1,832298.259783639,186.22323742662093,139.44605173333335
existing-cbsa-2014,876906.4582945021,191.1485524287439,161.66451006666668
