baseline,ssr,rms,mae
calib1,3789.3176270119534,12.565358508965488,8.575758044583335
