baseline,ssr,rms,mae
calib1,155929.13253235474,80.60426284538624,59.22650633750001
