baseline,ssr,rms,mae
calib1,2143.7946209218876,9.451178544062392,7.475450859999998
