baseline,ssr,rms,mae
CalibNew,24210.705957528888,31.761287991783913,24.74498429249998
