baseline,ssr,rms,mae
calib1,392580.03939310065,127.89644890058204,91.75954812500002
