baseline,ssr,rms,mae
Calib,973168.1714563733,201.36701271728253,166.61197806375003
existing-cbsa-2014,15806341.222771145,811.5402337215313,562.16719586125
