baseline,ssr,rms,mae
Calib,16082.629149896415,25.886474227139367,20.553200612124993
existing-cbsa-2014,118978.45368715512,70.40905886530604,54.971972487124994
