baseline,ssr,rms,mae
calib1,232.34990609145407,3.1114700845651595,2.277442872083333
