baseline,ssr,rms,mae
calib1,4901.763220912532,14.291260763301775,9.589118255416668
