baseline,ssr,rms,mae
calib1,327912.9982827233,116.88901400522408,84.5494268
